{
  "project_info": {
    "project_number": "611967884817",
    "project_id": "xp-chat-9ca3f",
    "storage_bucket": "xp-chat-9ca3f.firebasestorage.app"
  },
  "client": [
    {
      "client_info": {
        "mobilesdk_app_id": "1:611967884817:android:b624fe08f4df3a5513dbb0",
        "android_client_info": {
          "package_name": "com.mkr.xpchat"
        }
      },
      "oauth_client": [],
      "api_key": [
        {
          "current_key": "AIzaSyDWdzskxzczNbDQWsRqVubnujiYKbqXPT4"
        }
      ],
      "services": {
        "appinvite_service": {
          "other_platform_oauth_client": []
        }
      }
    }
  ],
  "configuration_version": "1"
}